<?xml version="1.0" encoding="utf-8"?>
<!--/789261/1411358/2.50/3/2/Integrated Circuit/-->
<quadcept_library>
  <setting unit="mil" />
  <textstyle name="Default" height="47.244094488189" strokewidth="7.8740157480315" charwidth="47.244094488189" />
  <textstyle name="Dimension" height="19.6850393700787" strokewidth="0" charwidth="19.6850393700787" />
  <textstyle name="H127W0635TH00762" height="50" strokewidth="3" charwidth="25" />
  <textstyle name="H15W15TH02" height="59.0551181102362" strokewidth="7.8740157480315" charwidth="59.0551181102362" />
  <padstyle name="r250_150" surface="True" plated="False" isvia="False" nopaste="False" nomask="True" complex="False" holesize="0">
    <padshape layer="TOP" shape="rectangle" width="59.055118110235" height="98.425196850392" />
    <padshape layer="TOP_SOLDER_MASK" shape="rectangle" width="66.929133858267" height="106.29921259842" />
    <padshape layer="TOP_SOLDER_PASTE" shape="rectangle" width="59.055118110235" height="98.425196850392" />
  </padstyle>
  <padstyle name="r700_700" surface="True" plated="False" isvia="False" nopaste="False" nomask="True" complex="False" holesize="0">
    <padshape layer="TOP" shape="rectangle" width="275.5905511811" height="275.5905511811" />
    <padshape layer="TOP_SOLDER_MASK" shape="rectangle" width="283.46456692913" height="283.46456692913" />
    <padshape layer="TOP_SOLDER_PASTE" shape="rectangle" width="275.5905511811" height="275.5905511811" />
  </padstyle>
  <footprint name="AZ1084CD50TRG1" originx="0" originy="0" pickpointx="0" pickpointy="0">
    <pcbpin number="1" name="1" style="r250_150" originx="-90.551181102361" originy="-179.13385826771" rotation="0" />
    <pcbpin number="2" name="2" style="r700_700" originx="0" originy="90.551181102361" rotation="0" />
    <pcbpin number="3" name="3" style="r250_150" originx="90.551181102361" originy="-179.13385826771" rotation="0" />
    <line layer="TOP_ASSEMBLY" originx="-129.92125984252" originy="188.50393700787" endx="129.92125984252" endy="188.50393700787" width="3.9370078740157" />
    <line layer="TOP_ASSEMBLY" originx="129.92125984252" originy="188.50393700787" endx="129.92125984252" endy="-51.653543307086" width="3.9370078740157" />
    <line layer="TOP_ASSEMBLY" originx="129.92125984252" originy="-51.653543307086" endx="-129.92125984252" endy="-51.653543307086" width="3.9370078740157" />
    <line layer="TOP_ASSEMBLY" originx="-129.92125984252" originy="-51.653543307086" endx="-129.92125984252" endy="188.50393700787" width="3.9370078740157" />
    <line layer="TOP_PLACE_BOUND" originx="-177.16535433071" originy="267.71653543307" endx="177.16535433071" endy="267.71653543307" width="3.9370078740157" />
    <line layer="TOP_PLACE_BOUND" originx="177.16535433071" originy="267.71653543307" endx="177.16535433071" endy="-267.71653543307" width="3.9370078740157" />
    <line layer="TOP_PLACE_BOUND" originx="177.16535433071" originy="-267.71653543307" endx="-177.16535433071" endy="-267.71653543307" width="3.9370078740157" />
    <line layer="TOP_PLACE_BOUND" originx="-177.16535433071" originy="-267.71653543307" endx="-177.16535433071" endy="267.71653543307" width="3.9370078740157" />
    <line layer="TOP_SILKSCREEN" originx="-90.551181102361" originy="-247.28346456693" endx="-90.551181102361" endy="-247.28346456693" width="3.9370078740157" />
    <arc layer="TOP_SILKSCREEN" originx="-90.551181102361" originy="-249.25196850393" startangle="90.0" sweepangle="180.0" radius="1.9685039370079" width="3.9370078740157" />
    <line layer="TOP_SILKSCREEN" originx="-90.551181102361" originy="-251.22047244094" endx="-90.551181102361" endy="-251.22047244094" width="3.9370078740157" />
    <arc layer="TOP_SILKSCREEN" originx="-90.551181102361" originy="-249.25196850393" startangle="-90.0" sweepangle="180.0" radius="1.9685039370079" width="3.9370078740157" />
  </footprint>
  <symbol name="AZ1084CD-5.0TRG1" originx="0" originy="0">
    <line originx="200" originy="100" endx="1100" endy="100" width="0" />
    <line originx="1100" originy="-200" endx="1100" endy="100" width="0" />
    <line originx="1100" originy="-200" endx="200" endy="-200" width="0" />
    <line originx="200" originy="100" endx="200" endy="-200" width="0" />
    <sympin number="1" originx="200" originy="0" rotation="180" length="100" width="7.8740157480315" flipped="False">
      <text name="pinname" originx="230" originy="0" style="Default" rotation="0" justify="left" flipped="False" hidden="False" data="GND" />
      <text name="pindes" originx="140" originy="20" style="Default" rotation="0" justify="lowerright" flipped="False" hidden="False" data="1" />
    </sympin>
    <sympin number="2" originx="1100" originy="0" rotation="0" length="100" width="7.8740157480315" flipped="False">
      <text name="pinname" originx="1070" originy="0" style="Default" rotation="0" justify="right" flipped="False" hidden="False" data="OUTPUT" />
      <text name="pindes" originx="1160" originy="20" style="Default" rotation="0" justify="lowerleft" flipped="False" hidden="False" data="2" />
    </sympin>
    <sympin number="3" originx="200" originy="-100" rotation="180" length="100" width="7.8740157480315" flipped="False">
      <text name="pinname" originx="230" originy="-100" style="Default" rotation="0" justify="left" flipped="False" hidden="False" data="INPUT" />
      <text name="pindes" originx="140" originy="-80" style="Default" rotation="0" justify="lowerright" flipped="False" hidden="False" data="3" />
    </sympin>
  </symbol>
  <component name="AZ1084CD-5.0TRG1" designatorprefix="IC" height="99.488188976377" footprint="AZ1084CD50TRG1">
    <comppin designator="1" sympin="1" pinswap="0" gateswap="0" gate="1" group="1" side="" type="Any" name="GND" />
    <comppin designator="2" sympin="2" pinswap="0" gateswap="0" gate="1" group="1" side="" type="Any" name="OUTPUT" />
    <comppin designator="3" sympin="3" pinswap="0" gateswap="0" gate="1" group="1" side="" type="Any" name="INPUT" />
    <attached_symbol gate="1" name="AZ1084CD-5.0TRG1" />
    <pinmap designator="1" footprintpin="1" />
    <pinmap designator="2" footprintpin="2" />
    <pinmap designator="3" footprintpin="3" />
    <text name="Datasheet" originx="0" originy="0" style="Default" rotation="0" justify="" flipped="False" hidden="True" data="https://www.diodes.com//assets/Datasheets/AZ1084C.pdf" />
    <text name="Description" originx="0" originy="0" style="Default" rotation="0" justify="" flipped="False" hidden="True" data="Linear Voltage Regulator IC Positive Fixed 1 Output 5A TO-252-3" />
    <text name="Mouser Part Number" originx="0" originy="0" style="Default" rotation="0" justify="" flipped="False" hidden="True" data="621-AZ1084CD-5.0TRG1" />
    <text name="Mouser Price/Stock" originx="0" originy="0" style="Default" rotation="0" justify="" flipped="False" hidden="True" data="https://www.mouser.co.uk/ProductDetail/Diodes-Incorporated/AZ1084CD-5.0TRG1?qs=5V6w%252Be2aIqY1QaMHWnvTJw%3D%3D" />
    <text name="Manufacturer_Name" originx="0" originy="0" style="Default" rotation="0" justify="" flipped="False" hidden="True" data="Diodes Incorporated" />
    <text name="Manufacturer_Part_Number" originx="1150" originy="200" style="Default" rotation="0" justify="left" flipped="False" hidden="False" data="AZ1084CD-5.0TRG1" />
  </component>
</quadcept_library>
