<?xml version="1.0" encoding="utf-8"?>
<!--/13515922/1411358/2.50/17/3/Integrated Circuit/-->
<quadcept_library>
  <setting unit="mil" />
  <textstyle name="Default" height="47.244094488189" strokewidth="7.8740157480315" charwidth="47.244094488189" />
  <textstyle name="Dimension" height="19.6850393700787" strokewidth="0" charwidth="19.6850393700787" />
  <textstyle name="H127W0635TH00762" height="50" strokewidth="3" charwidth="25" />
  <textstyle name="H15W15TH02" height="59.0551181102362" strokewidth="7.8740157480315" charwidth="59.0551181102362" />
  <padstyle name="r75_30" surface="True" plated="False" isvia="False" nopaste="False" nomask="True" complex="False" holesize="0">
    <padshape layer="TOP" shape="rectangle" width="11.811023622047" height="29.527559055118" />
    <padshape layer="TOP_SOLDER_MASK" shape="rectangle" width="19.685039370078" height="37.401574803149" />
    <padshape layer="TOP_SOLDER_PASTE" shape="rectangle" width="11.811023622047" height="29.527559055118" />
  </padstyle>
  <padstyle name="r170_170" surface="True" plated="False" isvia="False" nopaste="False" nomask="True" complex="False" holesize="0">
    <padshape layer="TOP" shape="rectangle" width="66.929133858267" height="66.929133858267" />
    <padshape layer="TOP_SOLDER_MASK" shape="rectangle" width="74.803149606298" height="74.803149606298" />
    <padshape layer="TOP_SOLDER_PASTE" shape="rectangle" width="66.929133858267" height="66.929133858267" />
  </padstyle>
  <footprint name="QFN50P300X300X85-17N" originx="0" originy="0" pickpointx="0" pickpointy="0">
    <pcbpin number="1" name="1" style="r75_30" originx="-59.055118110235" originy="29.527559055118" rotation="90" />
    <pcbpin number="2" name="2" style="r75_30" originx="-59.055118110235" originy="9.8425196850392" rotation="90" />
    <pcbpin number="3" name="3" style="r75_30" originx="-59.055118110235" originy="-9.8425196850392" rotation="90" />
    <pcbpin number="4" name="4" style="r75_30" originx="-59.055118110235" originy="-29.527559055118" rotation="90" />
    <pcbpin number="5" name="5" style="r75_30" originx="-29.527559055118" originy="-59.055118110235" rotation="0" />
    <pcbpin number="6" name="6" style="r75_30" originx="-9.8425196850392" originy="-59.055118110235" rotation="0" />
    <pcbpin number="7" name="7" style="r75_30" originx="9.8425196850392" originy="-59.055118110235" rotation="0" />
    <pcbpin number="8" name="8" style="r75_30" originx="29.527559055118" originy="-59.055118110235" rotation="0" />
    <pcbpin number="9" name="9" style="r75_30" originx="59.055118110235" originy="-29.527559055118" rotation="90" />
    <pcbpin number="10" name="10" style="r75_30" originx="59.055118110235" originy="-9.8425196850392" rotation="90" />
    <pcbpin number="11" name="11" style="r75_30" originx="59.055118110235" originy="9.8425196850392" rotation="90" />
    <pcbpin number="12" name="12" style="r75_30" originx="59.055118110235" originy="29.527559055118" rotation="90" />
    <pcbpin number="13" name="13" style="r75_30" originx="29.527559055118" originy="59.055118110235" rotation="0" />
    <pcbpin number="14" name="14" style="r75_30" originx="9.8425196850392" originy="59.055118110235" rotation="0" />
    <pcbpin number="15" name="15" style="r75_30" originx="-9.8425196850392" originy="59.055118110235" rotation="0" />
    <pcbpin number="16" name="16" style="r75_30" originx="-29.527559055118" originy="59.055118110235" rotation="0" />
    <pcbpin number="17" name="17" style="r170_170" originx="0" originy="0" rotation="0" />
    <line layer="TOP_PLACE_BOUND" originx="-83.661417322834" originy="83.661417322834" endx="83.661417322834" endy="83.661417322834" width="1.9685039370079" />
    <line layer="TOP_PLACE_BOUND" originx="83.661417322834" originy="83.661417322834" endx="83.661417322834" endy="-83.661417322834" width="1.9685039370079" />
    <line layer="TOP_PLACE_BOUND" originx="83.661417322834" originy="-83.661417322834" endx="-83.661417322834" endy="-83.661417322834" width="1.9685039370079" />
    <line layer="TOP_PLACE_BOUND" originx="-83.661417322834" originy="-83.661417322834" endx="-83.661417322834" endy="83.661417322834" width="1.9685039370079" />
    <line layer="TOP_ASSEMBLY" originx="-59.055118110235" originy="59.055118110235" endx="59.055118110235" endy="59.055118110235" width="3.9370078740157" />
    <line layer="TOP_ASSEMBLY" originx="59.055118110235" originy="59.055118110235" endx="59.055118110235" endy="-59.055118110235" width="3.9370078740157" />
    <line layer="TOP_ASSEMBLY" originx="59.055118110235" originy="-59.055118110235" endx="-59.055118110235" endy="-59.055118110235" width="3.9370078740157" />
    <line layer="TOP_ASSEMBLY" originx="-59.055118110235" originy="-59.055118110235" endx="-59.055118110235" endy="59.055118110235" width="3.9370078740157" />
    <line layer="TOP_ASSEMBLY" originx="-59.055118110235" originy="39.370078740157" endx="-39.370078740157" endy="59.055118110235" width="3.9370078740157" />
    <arc layer="TOP_SILKSCREEN" originx="-73.818897637794" originy="59.055118110235" startangle="180" sweepangle="180" radius="4.9212598425196" width="9.8425196850392" />
    <arc layer="TOP_SILKSCREEN" originx="-73.818897637794" originy="59.055118110235" startangle="180" sweepangle="-180" radius="4.9212598425196" width="9.8425196850392" />
  </footprint>
  <symbol name="GRF5509" originx="0" originy="0">
    <line originx="200" originy="600" endx="1600" endy="600" width="0" />
    <line originx="1600" originy="-900" endx="1600" endy="600" width="0" />
    <line originx="1600" originy="-900" endx="200" endy="-900" width="0" />
    <line originx="200" originy="600" endx="200" endy="-900" width="0" />
    <sympin number="1" originx="200" originy="0" rotation="180" length="100" width="7.8740157480315" flipped="False">
      <text name="pinname" originx="230" originy="0" style="Default" rotation="0" justify="left" flipped="False" hidden="False" data="VEN1" />
      <text name="pindes" originx="140" originy="20" style="Default" rotation="0" justify="lowerright" flipped="False" hidden="False" data="1" />
    </sympin>
    <sympin number="2" originx="200" originy="-100" rotation="180" length="100" width="7.8740157480315" flipped="False">
      <text name="pinname" originx="230" originy="-100" style="Default" rotation="0" justify="left" flipped="False" hidden="False" data="GND/NC_1" />
      <text name="pindes" originx="140" originy="-80" style="Default" rotation="0" justify="lowerright" flipped="False" hidden="False" data="2" />
    </sympin>
    <sympin number="3" originx="200" originy="-200" rotation="180" length="100" width="7.8740157480315" flipped="False">
      <text name="pinname" originx="230" originy="-200" style="Default" rotation="0" justify="left" flipped="False" hidden="False" data="RF_IN_1" />
      <text name="pindes" originx="140" originy="-180" style="Default" rotation="0" justify="lowerright" flipped="False" hidden="False" data="3" />
    </sympin>
    <sympin number="4" originx="200" originy="-300" rotation="180" length="100" width="7.8740157480315" flipped="False">
      <text name="pinname" originx="230" originy="-300" style="Default" rotation="0" justify="left" flipped="False" hidden="False" data="RF_IN_2" />
      <text name="pindes" originx="140" originy="-280" style="Default" rotation="0" justify="lowerright" flipped="False" hidden="False" data="4" />
    </sympin>
    <sympin number="5" originx="700" originy="-900" rotation="270" length="100" width="7.8740157480315" flipped="False">
      <text name="pinname" originx="700" originy="-870" style="Default" rotation="0" justify="left" flipped="False" hidden="False" data="GND/NC_2" />
      <text name="pindes" originx="680" originy="-960" style="Default" rotation="0" justify="lowerright" flipped="False" hidden="False" data="5" />
    </sympin>
    <sympin number="6" originx="800" originy="-900" rotation="270" length="100" width="7.8740157480315" flipped="False">
      <text name="pinname" originx="800" originy="-870" style="Default" rotation="0" justify="left" flipped="False" hidden="False" data="GND/NC_3" />
      <text name="pindes" originx="780" originy="-960" style="Default" rotation="0" justify="lowerright" flipped="False" hidden="False" data="6" />
    </sympin>
    <sympin number="7" originx="900" originy="-900" rotation="270" length="100" width="7.8740157480315" flipped="False">
      <text name="pinname" originx="900" originy="-870" style="Default" rotation="0" justify="left" flipped="False" hidden="False" data="GND/NC_4" />
      <text name="pindes" originx="880" originy="-960" style="Default" rotation="0" justify="lowerright" flipped="False" hidden="False" data="7" />
    </sympin>
    <sympin number="8" originx="1000" originy="-900" rotation="270" length="100" width="7.8740157480315" flipped="False">
      <text name="pinname" originx="1000" originy="-870" style="Default" rotation="0" justify="left" flipped="False" hidden="False" data="GND/NC_5" />
      <text name="pindes" originx="980" originy="-960" style="Default" rotation="0" justify="lowerright" flipped="False" hidden="False" data="8" />
    </sympin>
    <sympin number="12" originx="1600" originy="0" rotation="0" length="100" width="7.8740157480315" flipped="False">
      <text name="pinname" originx="1570" originy="0" style="Default" rotation="0" justify="right" flipped="False" hidden="False" data="BIAS" />
      <text name="pindes" originx="1660" originy="20" style="Default" rotation="0" justify="lowerleft" flipped="False" hidden="False" data="12" />
    </sympin>
    <sympin number="11" originx="1600" originy="-100" rotation="0" length="100" width="7.8740157480315" flipped="False">
      <text name="pinname" originx="1570" originy="-100" style="Default" rotation="0" justify="right" flipped="False" hidden="False" data="GND/NC_6" />
      <text name="pindes" originx="1660" originy="-80" style="Default" rotation="0" justify="lowerleft" flipped="False" hidden="False" data="11" />
    </sympin>
    <sympin number="10" originx="1600" originy="-200" rotation="0" length="100" width="7.8740157480315" flipped="False">
      <text name="pinname" originx="1570" originy="-200" style="Default" rotation="0" justify="right" flipped="False" hidden="False" data="RF_OUT/VCC2_2" />
      <text name="pindes" originx="1660" originy="-180" style="Default" rotation="0" justify="lowerleft" flipped="False" hidden="False" data="10" />
    </sympin>
    <sympin number="9" originx="1600" originy="-300" rotation="0" length="100" width="7.8740157480315" flipped="False">
      <text name="pinname" originx="1570" originy="-300" style="Default" rotation="0" justify="right" flipped="False" hidden="False" data="RF_OUT/VCC2_1" />
      <text name="pindes" originx="1660" originy="-280" style="Default" rotation="0" justify="lowerleft" flipped="False" hidden="False" data="9" />
    </sympin>
    <sympin number="17" originx="700" originy="600" rotation="90" length="100" width="7.8740157480315" flipped="False">
      <text name="pinname" originx="700" originy="570" style="Default" rotation="0" justify="right" flipped="False" hidden="False" data="GND" />
      <text name="pindes" originx="680" originy="660" style="Default" rotation="0" justify="lowerleft" flipped="False" hidden="False" data="17" />
    </sympin>
    <sympin number="16" originx="800" originy="600" rotation="90" length="100" width="7.8740157480315" flipped="False">
      <text name="pinname" originx="800" originy="570" style="Default" rotation="0" justify="right" flipped="False" hidden="False" data="VEN2" />
      <text name="pindes" originx="780" originy="660" style="Default" rotation="0" justify="lowerleft" flipped="False" hidden="False" data="16" />
    </sympin>
    <sympin number="15" originx="900" originy="600" rotation="90" length="100" width="7.8740157480315" flipped="False">
      <text name="pinname" originx="900" originy="570" style="Default" rotation="0" justify="right" flipped="False" hidden="False" data="GND/NC_8" />
      <text name="pindes" originx="880" originy="660" style="Default" rotation="0" justify="lowerleft" flipped="False" hidden="False" data="15" />
    </sympin>
    <sympin number="14" originx="1000" originy="600" rotation="90" length="100" width="7.8740157480315" flipped="False">
      <text name="pinname" originx="1000" originy="570" style="Default" rotation="0" justify="right" flipped="False" hidden="False" data="GND/NC_7" />
      <text name="pindes" originx="980" originy="660" style="Default" rotation="0" justify="lowerleft" flipped="False" hidden="False" data="14" />
    </sympin>
    <sympin number="13" originx="1100" originy="600" rotation="90" length="100" width="7.8740157480315" flipped="False">
      <text name="pinname" originx="1100" originy="570" style="Default" rotation="0" justify="right" flipped="False" hidden="False" data="VCC1" />
      <text name="pindes" originx="1080" originy="660" style="Default" rotation="0" justify="lowerleft" flipped="False" hidden="False" data="13" />
    </sympin>
  </symbol>
  <component name="GRF5509" designatorprefix="IC" height="33.464566929133" footprint="QFN50P300X300X85-17N">
    <comppin designator="1" sympin="1" pinswap="0" gateswap="0" gate="1" group="1" side="" type="Any" name="VEN1" />
    <comppin designator="2" sympin="2" pinswap="0" gateswap="0" gate="1" group="1" side="" type="Any" name="GND/NC_1" />
    <comppin designator="3" sympin="3" pinswap="0" gateswap="0" gate="1" group="1" side="" type="Any" name="RF_IN_1" />
    <comppin designator="4" sympin="4" pinswap="0" gateswap="0" gate="1" group="1" side="" type="Any" name="RF_IN_2" />
    <comppin designator="5" sympin="5" pinswap="0" gateswap="0" gate="1" group="1" side="" type="Any" name="GND/NC_2" />
    <comppin designator="6" sympin="6" pinswap="0" gateswap="0" gate="1" group="1" side="" type="Any" name="GND/NC_3" />
    <comppin designator="7" sympin="7" pinswap="0" gateswap="0" gate="1" group="1" side="" type="Any" name="GND/NC_4" />
    <comppin designator="8" sympin="8" pinswap="0" gateswap="0" gate="1" group="1" side="" type="Any" name="GND/NC_5" />
    <comppin designator="9" sympin="9" pinswap="0" gateswap="0" gate="1" group="1" side="" type="Any" name="RF_OUT/VCC2_1" />
    <comppin designator="10" sympin="10" pinswap="0" gateswap="0" gate="1" group="1" side="" type="Any" name="RF_OUT/VCC2_2" />
    <comppin designator="11" sympin="11" pinswap="0" gateswap="0" gate="1" group="1" side="" type="Any" name="GND/NC_6" />
    <comppin designator="12" sympin="12" pinswap="0" gateswap="0" gate="1" group="1" side="" type="Any" name="BIAS" />
    <comppin designator="13" sympin="13" pinswap="0" gateswap="0" gate="1" group="1" side="" type="Any" name="VCC1" />
    <comppin designator="14" sympin="14" pinswap="0" gateswap="0" gate="1" group="1" side="" type="Any" name="GND/NC_7" />
    <comppin designator="15" sympin="15" pinswap="0" gateswap="0" gate="1" group="1" side="" type="Any" name="GND/NC_8" />
    <comppin designator="16" sympin="16" pinswap="0" gateswap="0" gate="1" group="1" side="" type="Any" name="VEN2" />
    <comppin designator="17" sympin="17" pinswap="0" gateswap="0" gate="1" group="1" side="" type="Any" name="GND" />
    <attached_symbol gate="1" name="GRF5509" />
    <pinmap designator="1" footprintpin="1" />
    <pinmap designator="2" footprintpin="2" />
    <pinmap designator="3" footprintpin="3" />
    <pinmap designator="4" footprintpin="4" />
    <pinmap designator="5" footprintpin="5" />
    <pinmap designator="6" footprintpin="6" />
    <pinmap designator="7" footprintpin="7" />
    <pinmap designator="8" footprintpin="8" />
    <pinmap designator="9" footprintpin="9" />
    <pinmap designator="10" footprintpin="10" />
    <pinmap designator="11" footprintpin="11" />
    <pinmap designator="12" footprintpin="12" />
    <pinmap designator="13" footprintpin="13" />
    <pinmap designator="14" footprintpin="14" />
    <pinmap designator="15" footprintpin="15" />
    <pinmap designator="16" footprintpin="16" />
    <pinmap designator="17" footprintpin="17" />
    <text name="Datasheet" originx="0" originy="0" style="Default" rotation="0" justify="" flipped="False" hidden="True" data="https://www.guerrilla-rf.com/products/DataSheet?sku=5509&amp;file_name=GRF5509DS.pdf" />
    <text name="Description" originx="0" originy="0" style="Default" rotation="0" justify="" flipped="False" hidden="True" data="RF Amplifier High Efficiency, 5.0Watt PA/Saturated PA, OP1dB &gt;34.0 dBm, 900 MHz ISM; 0.7 - 01.8 GHz" />
    <text name="Mouser Part Number" originx="0" originy="0" style="Default" rotation="0" justify="" flipped="False" hidden="True" data="459-GRF5509" />
    <text name="Mouser Price/Stock" originx="0" originy="0" style="Default" rotation="0" justify="" flipped="False" hidden="True" data="https://www.mouser.co.uk/ProductDetail/Guerrilla-RF/GRF5509?qs=hWgE7mdIu5TgcXKIFMHrBQ%3D%3D" />
    <text name="Manufacturer_Name" originx="0" originy="0" style="Default" rotation="0" justify="" flipped="False" hidden="True" data="Guerrilla RF" />
    <text name="Manufacturer_Part_Number" originx="1650" originy="700" style="Default" rotation="0" justify="left" flipped="False" hidden="False" data="GRF5509" />
  </component>
</quadcept_library>
