<?xml version="1.0" encoding="utf-8"?>
<!--/1257546/1411358/2.50/5/2/Integrated Circuit/-->
<quadcept_library>
  <setting unit="mil" />
  <textstyle name="Default" height="47.244094488189" strokewidth="7.8740157480315" charwidth="47.244094488189" />
  <textstyle name="Dimension" height="19.6850393700787" strokewidth="0" charwidth="19.6850393700787" />
  <textstyle name="H127W0635TH00762" height="50" strokewidth="3" charwidth="25" />
  <textstyle name="H15W15TH02" height="59.0551181102362" strokewidth="7.8740157480315" charwidth="59.0551181102362" />
  <padstyle name="r125_60" surface="True" plated="False" isvia="False" nopaste="False" nomask="True" complex="False" holesize="0">
    <padshape layer="TOP" shape="rectangle" width="23.622047244094" height="49.212598425196" />
    <padshape layer="TOP_SOLDER_MASK" shape="rectangle" width="31.496062992126" height="57.086614173228" />
    <padshape layer="TOP_SOLDER_PASTE" shape="rectangle" width="23.622047244094" height="49.212598425196" />
  </padstyle>
  <footprint name="SOT95P280X100-5N" originx="0" originy="0" pickpointx="0" pickpointy="0">
    <pcbpin number="1" name="1" style="r125_60" originx="-49.212598425196" originy="37.401574803149" rotation="90" />
    <pcbpin number="2" name="2" style="r125_60" originx="-49.212598425196" originy="0" rotation="90" />
    <pcbpin number="3" name="3" style="r125_60" originx="-49.212598425196" originy="-37.401574803149" rotation="90" />
    <pcbpin number="4" name="4" style="r125_60" originx="49.212598425196" originy="-37.401574803149" rotation="90" />
    <pcbpin number="5" name="5" style="r125_60" originx="49.212598425196" originy="37.401574803149" rotation="90" />
    <line layer="TOP_PLACE_BOUND" originx="-83.661417322834" originy="69.881889763779" endx="83.661417322834" endy="69.881889763779" width="1.9685039370079" />
    <line layer="TOP_PLACE_BOUND" originx="83.661417322834" originy="69.881889763779" endx="83.661417322834" endy="-69.881889763779" width="1.9685039370079" />
    <line layer="TOP_PLACE_BOUND" originx="83.661417322834" originy="-69.881889763779" endx="-83.661417322834" endy="-69.881889763779" width="1.9685039370079" />
    <line layer="TOP_PLACE_BOUND" originx="-83.661417322834" originy="-69.881889763779" endx="-83.661417322834" endy="69.881889763779" width="1.9685039370079" />
    <line layer="TOP_ASSEMBLY" originx="-31.496062992126" originy="57.086614173228" endx="31.496062992126" endy="57.086614173228" width="3.9370078740157" />
    <line layer="TOP_ASSEMBLY" originx="31.496062992126" originy="57.086614173228" endx="31.496062992126" endy="-57.086614173228" width="3.9370078740157" />
    <line layer="TOP_ASSEMBLY" originx="31.496062992126" originy="-57.086614173228" endx="-31.496062992126" endy="-57.086614173228" width="3.9370078740157" />
    <line layer="TOP_ASSEMBLY" originx="-31.496062992126" originy="-57.086614173228" endx="-31.496062992126" endy="57.086614173228" width="3.9370078740157" />
    <line layer="TOP_ASSEMBLY" originx="-31.496062992126" originy="19.685039370078" endx="5.9055118110235" endy="57.086614173228" width="3.9370078740157" />
    <line layer="TOP_SILKSCREEN" originx="-10.826771653543" originy="57.086614173228" endx="10.826771653543" endy="57.086614173228" width="7.8740157480314" />
    <line layer="TOP_SILKSCREEN" originx="10.826771653543" originy="57.086614173228" endx="10.826771653543" endy="-57.086614173228" width="7.8740157480314" />
    <line layer="TOP_SILKSCREEN" originx="10.826771653543" originy="-57.086614173228" endx="-10.826771653543" endy="-57.086614173228" width="7.8740157480314" />
    <line layer="TOP_SILKSCREEN" originx="-10.826771653543" originy="-57.086614173228" endx="-10.826771653543" endy="57.086614173228" width="7.8740157480314" />
    <line layer="TOP_SILKSCREEN" originx="-73.818897637794" originy="59.055118110235" endx="-24.606299212598" endy="59.055118110235" width="7.8740157480314" />
  </footprint>
  <symbol name="ADP150AUJZ-3.3-R7" originx="0" originy="0">
    <line originx="200" originy="100" endx="900" endy="100" width="0" />
    <line originx="900" originy="-300" endx="900" endy="100" width="0" />
    <line originx="900" originy="-300" endx="200" endy="-300" width="0" />
    <line originx="200" originy="100" endx="200" endy="-300" width="0" />
    <sympin number="1" originx="200" originy="0" rotation="180" length="100" width="7.8740157480315" flipped="False">
      <text name="pinname" originx="230" originy="0" style="Default" rotation="0" justify="left" flipped="False" hidden="False" data="VIN" />
      <text name="pindes" originx="140" originy="20" style="Default" rotation="0" justify="lowerright" flipped="False" hidden="False" data="1" />
    </sympin>
    <sympin number="2" originx="200" originy="-100" rotation="180" length="100" width="7.8740157480315" flipped="False">
      <text name="pinname" originx="230" originy="-100" style="Default" rotation="0" justify="left" flipped="False" hidden="False" data="GND" />
      <text name="pindes" originx="140" originy="-80" style="Default" rotation="0" justify="lowerright" flipped="False" hidden="False" data="2" />
    </sympin>
    <sympin number="3" originx="200" originy="-200" rotation="180" length="100" width="7.8740157480315" flipped="False">
      <text name="pinname" originx="230" originy="-200" style="Default" rotation="0" justify="left" flipped="False" hidden="False" data="EN" />
      <text name="pindes" originx="140" originy="-180" style="Default" rotation="0" justify="lowerright" flipped="False" hidden="False" data="3" />
    </sympin>
    <sympin number="4" originx="900" originy="0" rotation="0" length="100" width="7.8740157480315" flipped="False">
      <text name="pinname" originx="870" originy="0" style="Default" rotation="0" justify="right" flipped="False" hidden="False" data="NC" />
      <text name="pindes" originx="960" originy="20" style="Default" rotation="0" justify="lowerleft" flipped="False" hidden="False" data="4" />
    </sympin>
    <sympin number="5" originx="900" originy="-100" rotation="0" length="100" width="7.8740157480315" flipped="False">
      <text name="pinname" originx="870" originy="-100" style="Default" rotation="0" justify="right" flipped="False" hidden="False" data="VOUT" />
      <text name="pindes" originx="960" originy="-80" style="Default" rotation="0" justify="lowerleft" flipped="False" hidden="False" data="5" />
    </sympin>
  </symbol>
  <component name="ADP150AUJZ-3.3-R7" designatorprefix="IC" height="39.370078740157" footprint="SOT95P280X100-5N">
    <comppin designator="1" sympin="1" pinswap="0" gateswap="0" gate="1" group="1" side="" type="Any" name="VIN" />
    <comppin designator="2" sympin="2" pinswap="0" gateswap="0" gate="1" group="1" side="" type="Any" name="GND" />
    <comppin designator="3" sympin="3" pinswap="0" gateswap="0" gate="1" group="1" side="" type="Any" name="EN" />
    <comppin designator="4" sympin="4" pinswap="0" gateswap="0" gate="1" group="1" side="" type="Any" name="NC" />
    <comppin designator="5" sympin="5" pinswap="0" gateswap="0" gate="1" group="1" side="" type="Any" name="VOUT" />
    <attached_symbol gate="1" name="ADP150AUJZ-3.3-R7" />
    <pinmap designator="1" footprintpin="1" />
    <pinmap designator="2" footprintpin="2" />
    <pinmap designator="3" footprintpin="3" />
    <pinmap designator="4" footprintpin="4" />
    <pinmap designator="5" footprintpin="5" />
    <text name="Datasheet" originx="0" originy="0" style="Default" rotation="0" justify="" flipped="False" hidden="True" data="https://componentsearchengine.com/Datasheets/1/ADP150AUJZ-3.3-R7.pdf" />
    <text name="Description" originx="0" originy="0" style="Default" rotation="0" justify="" flipped="False" hidden="True" data="Ultralow Noise, 150 mA CMOS Linear Regulator" />
    <text name="Mouser Part Number" originx="0" originy="0" style="Default" rotation="0" justify="" flipped="False" hidden="True" data="N/A" />
    <text name="Mouser Price/Stock" originx="0" originy="0" style="Default" rotation="0" justify="" flipped="False" hidden="True" data="https://www.mouser.com/Search/Refine.aspx?Keyword=N%2FA" />
    <text name="Manufacturer_Name" originx="0" originy="0" style="Default" rotation="0" justify="" flipped="False" hidden="True" data="Analog Devices" />
    <text name="Manufacturer_Part_Number" originx="950" originy="200" style="Default" rotation="0" justify="left" flipped="False" hidden="False" data="ADP150AUJZ-3.3-R7" />
  </component>
</quadcept_library>
