<?xml version="1.0" encoding="utf-8"?>
<!--/1814912/1411358/2.50/4/0/Crystal or Oscillator/-->
<quadcept_library>
  <setting unit="mil" />
  <textstyle name="Default" height="47.244094488189" strokewidth="7.8740157480315" charwidth="47.244094488189" />
  <textstyle name="Dimension" height="19.6850393700787" strokewidth="0" charwidth="19.6850393700787" />
  <textstyle name="H127W0635TH00762" height="50" strokewidth="3" charwidth="25" />
  <textstyle name="H15W15TH02" height="59.0551181102362" strokewidth="7.8740157480315" charwidth="59.0551181102362" />
  <padstyle name="r110_100" surface="True" plated="False" isvia="False" nopaste="False" nomask="True" complex="False" holesize="0">
    <padshape layer="TOP" shape="rectangle" width="39.370078740157" height="43.307086614173" />
    <padshape layer="TOP_SOLDER_MASK" shape="rectangle" width="47.244094488188" height="51.181102362204" />
    <padshape layer="TOP_SOLDER_PASTE" shape="rectangle" width="39.370078740157" height="43.307086614173" />
  </padstyle>
  <footprint name="SIT5000AICGE33N025000000X" originx="0" originy="0" pickpointx="0" pickpointy="0">
    <pcbpin number="1" name="1" style="r110_100" originx="-37.401574803149" originy="-29.527559055118" rotation="90" />
    <pcbpin number="2" name="2" style="r110_100" originx="37.401574803149" originy="-29.527559055118" rotation="90" />
    <pcbpin number="3" name="3" style="r110_100" originx="37.401574803149" originy="29.527559055118" rotation="90" />
    <pcbpin number="4" name="4" style="r110_100" originx="-37.401574803149" originy="29.527559055118" rotation="90" />
    <line layer="TOP_ASSEMBLY" originx="-53.149606299212" originy="47.244094488188" endx="53.149606299212" endy="47.244094488188" width="7.8740157480314" />
    <line layer="TOP_ASSEMBLY" originx="53.149606299212" originy="47.244094488188" endx="53.149606299212" endy="-47.244094488188" width="7.8740157480314" />
    <line layer="TOP_ASSEMBLY" originx="53.149606299212" originy="-47.244094488188" endx="-53.149606299212" endy="-47.244094488188" width="7.8740157480314" />
    <line layer="TOP_ASSEMBLY" originx="-53.149606299212" originy="-47.244094488188" endx="-53.149606299212" endy="47.244094488188" width="7.8740157480314" />
    <line layer="TOP_PLACE_BOUND" originx="-120.07874015748" originy="88.582677165353" endx="98.425196850392" endy="88.582677165353" width="3.9370078740157" />
    <line layer="TOP_PLACE_BOUND" originx="98.425196850392" originy="88.582677165353" endx="98.425196850392" endy="-88.582677165353" width="3.9370078740157" />
    <line layer="TOP_PLACE_BOUND" originx="98.425196850392" originy="-88.582677165353" endx="-120.07874015748" endy="-88.582677165353" width="3.9370078740157" />
    <line layer="TOP_PLACE_BOUND" originx="-120.07874015748" originy="-88.582677165353" endx="-120.07874015748" endy="88.582677165353" width="3.9370078740157" />
    <line layer="TOP_SILKSCREEN" originx="-78.740157480314" originy="-23.622047244094" endx="-78.740157480314" endy="-23.622047244094" width="7.8740157480314" />
    <arc layer="TOP_SILKSCREEN" originx="-78.740157480314" originy="-27.55905511811" startangle="90.0" sweepangle="180.0" radius="3.9370078740157" width="7.8740157480314" />
    <line layer="TOP_SILKSCREEN" originx="-78.740157480314" originy="-31.496062992126" endx="-78.740157480314" endy="-31.496062992126" width="7.8740157480314" />
    <arc layer="TOP_SILKSCREEN" originx="-78.740157480314" originy="-27.55905511811" startangle="-90.0" sweepangle="180.0" radius="3.9370078740157" width="7.8740157480314" />
  </footprint>
  <symbol name="SIT5000AICGE-33N0-25.000000X" originx="0" originy="0">
    <line originx="200" originy="100" endx="800" endy="100" width="0" />
    <line originx="800" originy="-200" endx="800" endy="100" width="0" />
    <line originx="800" originy="-200" endx="200" endy="-200" width="0" />
    <line originx="200" originy="100" endx="200" endy="-200" width="0" />
    <sympin number="1" originx="200" originy="-100" rotation="180" length="100" width="7.8740157480315" flipped="False">
      <text name="pinname" originx="230" originy="-100" style="Default" rotation="0" justify="left" flipped="False" hidden="False" data="NC" />
      <text name="pindes" originx="140" originy="-80" style="Default" rotation="0" justify="lowerright" flipped="False" hidden="False" data="1" />
    </sympin>
    <sympin number="2" originx="800" originy="-100" rotation="0" length="100" width="7.8740157480315" flipped="False">
      <text name="pinname" originx="770" originy="-100" style="Default" rotation="0" justify="right" flipped="False" hidden="False" data="GND" />
      <text name="pindes" originx="860" originy="-80" style="Default" rotation="0" justify="lowerleft" flipped="False" hidden="False" data="2" />
    </sympin>
    <sympin number="3" originx="800" originy="0" rotation="0" length="100" width="7.8740157480315" flipped="False">
      <text name="pinname" originx="770" originy="0" style="Default" rotation="0" justify="right" flipped="False" hidden="False" data="OUT" />
      <text name="pindes" originx="860" originy="20" style="Default" rotation="0" justify="lowerleft" flipped="False" hidden="False" data="3" />
    </sympin>
    <sympin number="4" originx="200" originy="0" rotation="180" length="100" width="7.8740157480315" flipped="False">
      <text name="pinname" originx="230" originy="0" style="Default" rotation="0" justify="left" flipped="False" hidden="False" data="VDD" />
      <text name="pindes" originx="140" originy="20" style="Default" rotation="0" justify="lowerright" flipped="False" hidden="False" data="4" />
    </sympin>
  </symbol>
  <component name="SIT5000AICGE-33N0-25.000000X" designatorprefix="Y" height="31.496062992126" footprint="SIT5000AICGE33N025000000X">
    <comppin designator="1" sympin="1" pinswap="0" gateswap="0" gate="1" group="1" side="" type="Any" name="NC" />
    <comppin designator="2" sympin="2" pinswap="0" gateswap="0" gate="1" group="1" side="" type="Any" name="GND" />
    <comppin designator="3" sympin="3" pinswap="0" gateswap="0" gate="1" group="1" side="" type="Any" name="OUT" />
    <comppin designator="4" sympin="4" pinswap="0" gateswap="0" gate="1" group="1" side="" type="Any" name="VDD" />
    <attached_symbol gate="1" name="SIT5000AICGE-33N0-25.000000X" />
    <pinmap designator="1" footprintpin="1" />
    <pinmap designator="2" footprintpin="2" />
    <pinmap designator="3" footprintpin="3" />
    <pinmap designator="4" footprintpin="4" />
    <text name="Datasheet" originx="0" originy="0" style="Default" rotation="0" justify="" flipped="False" hidden="True" data="https://componentsearchengine.com/Datasheets/1/SIT5000AICGE-33N0-25.000000X.pdf" />
    <text name="Description" originx="0" originy="0" style="Default" rotation="0" justify="" flipped="False" hidden="True" data="TCXO Oscillators 25MHz 3.3V -40C +85C 5ppm" />
    <text name="Mouser Part Number" originx="0" originy="0" style="Default" rotation="0" justify="" flipped="False" hidden="True" data="788-5000AICGE3N0-25X" />
    <text name="Mouser Price/Stock" originx="0" originy="0" style="Default" rotation="0" justify="" flipped="False" hidden="True" data="https://www.mouser.com/Search/Refine.aspx?Keyword=788-5000AICGE3N0-25X" />
    <text name="Manufacturer_Name" originx="0" originy="0" style="Default" rotation="0" justify="" flipped="False" hidden="True" data="SiTime" />
    <text name="Manufacturer_Part_Number" originx="850" originy="200" style="Default" rotation="0" justify="left" flipped="False" hidden="False" data="SIT5000AICGE-33N0-25.000000X" />
  </component>
</quadcept_library>
