<?xml version="1.0" encoding="utf-8"?>
<!--/262616/1411358/2.50/4/4/Switch/-->
<quadcept_library>
  <setting unit="mil" />
  <textstyle name="Default" height="47.244094488189" strokewidth="7.8740157480315" charwidth="47.244094488189" />
  <textstyle name="Dimension" height="19.6850393700787" strokewidth="0" charwidth="19.6850393700787" />
  <textstyle name="H127W0635TH00762" height="50" strokewidth="3" charwidth="25" />
  <textstyle name="H15W15TH02" height="59.0551181102362" strokewidth="7.8740157480315" charwidth="59.0551181102362" />
  <padstyle name="r160_140" surface="True" plated="False" isvia="False" nopaste="False" nomask="True" complex="False" holesize="0">
    <padshape layer="TOP" shape="rectangle" width="55.11811023622" height="62.992125984251" />
    <padshape layer="TOP_SOLDER_MASK" shape="rectangle" width="62.992125984251" height="70.866141732283" />
    <padshape layer="TOP_SOLDER_PASTE" shape="rectangle" width="55.11811023622" height="62.992125984251" />
  </padstyle>
  <footprint name="B3FS-1000P" originx="0" originy="0" pickpointx="0" pickpointy="0">
    <pcbpin number="1" name="1" style="r160_140" originx="157.48031496063" originy="-88.582677165353" rotation="90" />
    <pcbpin number="2" name="2" style="r160_140" originx="-157.48031496063" originy="-88.582677165353" rotation="90" />
    <pcbpin number="3" name="3" style="r160_140" originx="157.48031496063" originy="88.582677165353" rotation="90" />
    <pcbpin number="4" name="4" style="r160_140" originx="-157.48031496063" originy="88.582677165353" rotation="90" />
    <line layer="TOP_ASSEMBLY" originx="-118.11023622047" originy="124.01574803149" endx="118.11023622047" endy="124.01574803149" width="9.9999999999999" />
    <line layer="TOP_ASSEMBLY" originx="118.11023622047" originy="124.01574803149" endx="118.11023622047" endy="-124.01574803149" width="9.9999999999999" />
    <line layer="TOP_ASSEMBLY" originx="118.11023622047" originy="-124.01574803149" endx="-118.11023622047" endy="-124.01574803149" width="9.9999999999999" />
    <line layer="TOP_ASSEMBLY" originx="-118.11023622047" originy="-124.01574803149" endx="-118.11023622047" endy="124.01574803149" width="9.9999999999999" />
    <line layer="TOP_SILKSCREEN" originx="-118.11023622047" originy="124.01574803149" endx="118.11023622047" endy="124.01574803149" width="9.9999999999999" />
    <line layer="TOP_SILKSCREEN" originx="118.11023622047" originy="124.01574803149" endx="118.11023622047" endy="-124.01574803149" width="9.9999999999999" />
    <line layer="TOP_SILKSCREEN" originx="118.11023622047" originy="-124.01574803149" endx="-118.11023622047" endy="-124.01574803149" width="9.9999999999999" />
    <line layer="TOP_SILKSCREEN" originx="-118.11023622047" originy="-124.01574803149" endx="-118.11023622047" endy="124.01574803149" width="9.9999999999999" />
    <arc layer="TOP_SILKSCREEN" originx="191.69291338582" originy="-127.24409448819" startangle="180" sweepangle="180" radius="2.2409448818897" width="9.9999999999999" />
    <arc layer="TOP_SILKSCREEN" originx="191.69291338582" originy="-127.24409448819" startangle="180" sweepangle="-180" radius="2.2409448818897" width="9.9999999999999" />
  </footprint>
  <symbol name="B3FS-1002P" originx="0" originy="0">
    <line originx="200" originy="100" endx="600" endy="100" width="0" />
    <line originx="600" originy="-200" endx="600" endy="100" width="0" />
    <line originx="600" originy="-200" endx="200" endy="-200" width="0" />
    <line originx="200" originy="100" endx="200" endy="-200" width="0" />
    <sympin number="1" originx="600" originy="-100" rotation="0" length="100" width="7.8740157480315" flipped="False">
      <text name="pinname" originx="570" originy="-100" style="Default" rotation="0" justify="right" flipped="False" hidden="False" data="1" />
      <text name="pindes" originx="660" originy="-80" style="Default" rotation="0" justify="lowerleft" flipped="False" hidden="False" data="1" />
    </sympin>
    <sympin number="2" originx="200" originy="-100" rotation="180" length="100" width="7.8740157480315" flipped="False">
      <text name="pinname" originx="230" originy="-100" style="Default" rotation="0" justify="left" flipped="False" hidden="False" data="2" />
      <text name="pindes" originx="140" originy="-80" style="Default" rotation="0" justify="lowerright" flipped="False" hidden="False" data="2" />
    </sympin>
    <sympin number="3" originx="600" originy="0" rotation="0" length="100" width="7.8740157480315" flipped="False">
      <text name="pinname" originx="570" originy="0" style="Default" rotation="0" justify="right" flipped="False" hidden="False" data="3" />
      <text name="pindes" originx="660" originy="20" style="Default" rotation="0" justify="lowerleft" flipped="False" hidden="False" data="3" />
    </sympin>
    <sympin number="4" originx="200" originy="0" rotation="180" length="100" width="7.8740157480315" flipped="False">
      <text name="pinname" originx="230" originy="0" style="Default" rotation="0" justify="left" flipped="False" hidden="False" data="4" />
      <text name="pindes" originx="140" originy="20" style="Default" rotation="0" justify="lowerright" flipped="False" hidden="False" data="4" />
    </sympin>
  </symbol>
  <component name="B3FS-1002P" designatorprefix="S" height="0" footprint="B3FS-1000P">
    <comppin designator="1" sympin="1" pinswap="0" gateswap="0" gate="1" group="1" side="" type="Any" name="1" />
    <comppin designator="2" sympin="2" pinswap="0" gateswap="0" gate="1" group="1" side="" type="Any" name="2" />
    <comppin designator="3" sympin="3" pinswap="0" gateswap="0" gate="1" group="1" side="" type="Any" name="3" />
    <comppin designator="4" sympin="4" pinswap="0" gateswap="0" gate="1" group="1" side="" type="Any" name="4" />
    <attached_symbol gate="1" name="B3FS-1002P" />
    <pinmap designator="1" footprintpin="1" />
    <pinmap designator="2" footprintpin="2" />
    <pinmap designator="3" footprintpin="3" />
    <pinmap designator="4" footprintpin="4" />
    <text name="Datasheet" originx="0" originy="0" style="Default" rotation="0" justify="" flipped="False" hidden="True" data="" />
    <text name="Description" originx="0" originy="0" style="Default" rotation="0" justify="" flipped="False" hidden="True" data="Tactile Switches 6x6x3.1mm Flat 150OF PhosphorBronze Ag TR" />
    <text name="Mouser Part Number" originx="0" originy="0" style="Default" rotation="0" justify="" flipped="False" hidden="True" data="653-B3FS-1002P" />
    <text name="Mouser Price/Stock" originx="0" originy="0" style="Default" rotation="0" justify="" flipped="False" hidden="True" data="https://www.mouser.co.uk/ProductDetail/Omron-Electronics/B3FS-1002P?qs=ImaqFqjHA4mR4r86JYSSCA%3D%3D" />
    <text name="Manufacturer_Name" originx="0" originy="0" style="Default" rotation="0" justify="" flipped="False" hidden="True" data="Omron Electronics" />
    <text name="Manufacturer_Part_Number" originx="650" originy="200" style="Default" rotation="0" justify="left" flipped="False" hidden="False" data="B3FS-1002P" />
  </component>
</quadcept_library>
