<?xml version="1.0" encoding="utf-8"?>
<!--/577971/1411358/2.50/3/4/Connector/-->
<quadcept_library>
  <setting unit="mil" />
  <textstyle name="Default" height="47.244094488189" strokewidth="7.8740157480315" charwidth="47.244094488189" />
  <textstyle name="Dimension" height="19.6850393700787" strokewidth="0" charwidth="19.6850393700787" />
  <textstyle name="H127W0635TH00762" height="50" strokewidth="3" charwidth="25" />
  <textstyle name="H15W15TH02" height="59.0551181102362" strokewidth="7.8740157480315" charwidth="59.0551181102362" />
  <padstyle name="c480_h320" surface="False" plated="True" isvia="False" nopaste="True" nomask="True" complex="False" holesize="125.9842519685">
    <padshape layer="TOP" shape="round" width="188.97637795275" height="188.97637795275" />
    <padshape layer="TOP_SOLDER_MASK" shape="round" width="196.85039370078" height="196.85039370078" />
    <padshape layer="INNER" shape="round" width="188.97637795275" height="188.97637795275" />
    <padshape layer="BOTTOM" shape="round" width="188.97637795275" height="188.97637795275" />
    <padshape layer="BOTTOM_SOLDER_MASK" shape="round" width="196.85039370078" height="196.85039370078" />
  </padstyle>
  <footprint name="694106301002_1" originx="0" originy="0" pickpointx="0" pickpointy="0">
    <pcbpin number="1" name="1" style="c480_h320" originx="535.43307086614" originy="149.6062992126" rotation="90" />
    <pcbpin number="2" name="2" style="c480_h320" originx="307.08661417322" originy="149.6062992126" rotation="90" />
    <pcbpin number="3" name="3" style="c480_h320" originx="417.32283464566" originy="-39.370078740157" rotation="90" />
    <line layer="TOP_ASSEMBLY" originx="0" originy="354.33070866141" endx="570.86614173228" endy="354.33070866141" width="7.8740157480314" />
    <line layer="TOP_ASSEMBLY" originx="570.86614173228" originy="354.33070866141" endx="570.86614173228" endy="0" width="7.8740157480314" />
    <line layer="TOP_ASSEMBLY" originx="570.86614173228" originy="0" endx="0" endy="0" width="7.8740157480314" />
    <line layer="TOP_ASSEMBLY" originx="0" originy="0" endx="0" endy="354.33070866141" width="7.8740157480314" />
    <line layer="TOP_SILKSCREEN" originx="285.43307086614" originy="0" endx="0" endy="0" width="7.8740157480314" />
    <line layer="TOP_SILKSCREEN" originx="0" originy="0" endx="0" endy="354.33070866141" width="7.8740157480314" />
    <line layer="TOP_SILKSCREEN" originx="0" originy="354.33070866141" endx="570.86614173228" endy="354.33070866141" width="7.8740157480314" />
    <arc layer="TOP_SILKSCREEN" originx="664.05511811023" originy="155.07874015748" startangle="180" sweepangle="180" radius="2.5196850393701" width="7.8740157480314" />
    <arc layer="TOP_SILKSCREEN" originx="664.05511811023" originy="155.07874015748" startangle="180" sweepangle="-180" radius="2.5196850393701" width="7.8740157480314" />
  </footprint>
  <symbol name="694106301002" originx="0" originy="0">
    <line originx="200" originy="100" endx="1000" endy="100" width="0" />
    <line originx="1000" originy="-200" endx="1000" endy="100" width="0" />
    <line originx="1000" originy="-200" endx="200" endy="-200" width="0" />
    <line originx="200" originy="100" endx="200" endy="-200" width="0" />
    <sympin number="1" originx="1000" originy="-100" rotation="0" length="100" width="7.8740157480315" flipped="False">
      <text name="pinname" originx="970" originy="-100" style="Default" rotation="0" justify="right" flipped="False" hidden="False" data="POWER" />
      <text name="pindes" originx="1060" originy="-80" style="Default" rotation="0" justify="lowerleft" flipped="False" hidden="False" data="1" />
    </sympin>
    <sympin number="2" originx="1000" originy="0" rotation="0" length="100" width="7.8740157480315" flipped="False">
      <text name="pinname" originx="970" originy="0" style="Default" rotation="0" justify="right" flipped="False" hidden="False" data="GND_1" />
      <text name="pindes" originx="1060" originy="20" style="Default" rotation="0" justify="lowerleft" flipped="False" hidden="False" data="2" />
    </sympin>
    <sympin number="3" originx="200" originy="0" rotation="180" length="100" width="7.8740157480315" flipped="False">
      <text name="pinname" originx="230" originy="0" style="Default" rotation="0" justify="left" flipped="False" hidden="False" data="GND_2" />
      <text name="pindes" originx="140" originy="20" style="Default" rotation="0" justify="lowerright" flipped="False" hidden="False" data="3" />
    </sympin>
  </symbol>
  <component name="694106301002" designatorprefix="J" height="0" footprint="694106301002_1">
    <comppin designator="1" sympin="1" pinswap="0" gateswap="0" gate="1" group="1" side="" type="Any" name="POWER" />
    <comppin designator="2" sympin="2" pinswap="0" gateswap="0" gate="1" group="1" side="" type="Any" name="GND_1" />
    <comppin designator="3" sympin="3" pinswap="0" gateswap="0" gate="1" group="1" side="" type="Any" name="GND_2" />
    <attached_symbol gate="1" name="694106301002" />
    <pinmap designator="1" footprintpin="1" />
    <pinmap designator="2" footprintpin="2" />
    <pinmap designator="3" footprintpin="3" />
    <text name="Datasheet" originx="0" originy="0" style="Default" rotation="0" justify="" flipped="False" hidden="True" data="https://datasheet.datasheetarchive.com/originals/distributors/Datasheets_SAMA/1c153bd2ba42bb51bda59ee4cd9765cd.pdf" />
    <text name="Description" originx="0" originy="0" style="Default" rotation="0" justify="" flipped="False" hidden="True" data="WURTH ELEKTRONIK - 694106301002 - CONNECTOR, POWER ENTRY, JACK, 3A, 20VDC" />
    <text name="Mouser Part Number" originx="0" originy="0" style="Default" rotation="0" justify="" flipped="False" hidden="True" data="710-694106301002" />
    <text name="Mouser Price/Stock" originx="0" originy="0" style="Default" rotation="0" justify="" flipped="False" hidden="True" data="https://www.mouser.co.uk/ProductDetail/Wurth-Elektronik/694106301002?qs=a9WhcLg8qCwOEkcI62k5mA%3D%3D" />
    <text name="Manufacturer_Name" originx="0" originy="0" style="Default" rotation="0" justify="" flipped="False" hidden="True" data="Wurth Elektronik" />
    <text name="Manufacturer_Part_Number" originx="1050" originy="200" style="Default" rotation="0" justify="left" flipped="False" hidden="False" data="694106301002" />
  </component>
</quadcept_library>
